Company,Username,Total reviews,Location,Date,Content,Rating
earthhero.com,torricel angelo,364 reviews,US,"Apr 2, 2024","disappointing experince one if you call the company on this number 844 852 8935 for an inquire no one picks only music plays and the lines discconnectstwo if you have pay for  priority delivery 10.35 for one to 3 business days your choice wont be honored it arrives 5 business days if that three if you ceo and founder you wont get a response back therefore please consider shopping experience will be in vain new york city nam myoho renge kyoDate of experience: April 02, 2024",1
earthhero.com,Brandon Roberts,5.4K reviews,US,"Mar 5, 2024","Been a long time EH customerBeen a long time customer with EarthHero and they always have all the sustainable products that I need at an affordable price. One thing i noticed is certain products on their store you can buy at a lower price on a subscription and that option is set to default, so there was one time that when i purchased i forgot to select ""one time"" instead of ""subscription"" and was shipped a an order I did not really need. They're customer service is great though, and they worked with me on cancelling those and even giving me a store credit for the inconvenience! Happy to have another option that is more sustainable than Amazon :) Date of experience: March 04, 2024",5
earthhero.com,Consumer,5K reviews,US,"Aug 8, 2023","Never received my orderNever received my order. I placed an order two weeks ago and still haven‚Äôt received a tracking number. I‚Äôve left messages on all their social media platforms, emailed them, and left a voicemail. No response at all. I WANT MY MONEY BACK. This is a SCAM company who will take your money and not ship your items!Date of experience: August 07, 2023",1
earthhero.com,Connie Stahle,4 reviews,US,"Oct 28, 2020","Poor quality product and customer careNo cushion at all in sole, think of walking on a thin layer of suede and boiled wool. Not my idea of quality or comfort in a slipper. My fault was that i gave them a chance and wore them for about 20-30 minutes inside my home but got a small stain on the suede soles. Since they don't stand behind their quality they emphasize that they cannot accept returns unless they are unused and in same condition as arrived. I do understand trying to avoid someone sending back shoes wore for a year but i also understand good customer service and looking at a long term profit of satisfied customers vs a short term profit of get every buck you can despite the customer satisfaction.Buyer beware, you will not be valued.Date of experience: October 28, 2020",1
earthhero.com,Jen Taylor,1 review,US,"Oct 1, 2020","Worst customer service...Worst customer service I have ever encountered. My package was misdelievered by the USPS, My package was placed into a locked box at my mailbox but the key was not placed in my locked mailbox. I did not recieve my order and Earthhero refused to replace it. I will repurchase my products from other companies and never use Earthhero again.Date of experience: October 01, 2020",1
earthhero.com,Cathy Murphy,1 review,US,"Apr 13, 2023","UnresponsiveI revived someone else‚Äôs item. I have had no response on getting my item or a refund or how to return the unordered item. No one answers call or returns messages. Horrible customer serviceDate of experience: April 07, 2023",1
earthhero.com,Nancy B,2 reviews,US,"Feb 17, 2023","Beware: This company repeatedly sells Out of Stock itemsTwice this company sold me a duffel bag and, after taking my money they wrote the next day to say the color I wanted was out of stock. I did get the money refunded, but EarthHero obviously kept ALL of my credit card information on its site. Yesterday my daughter (for whom I bought the duffel) informed me that the color (Green). When I went to purchase the item, the site had ALL my credit card info., including the security code. I thought that was strange that I wasn't prompted to fill it in. Less than 24 hours after EarthHero charged my credit card, I got an email saying that the item was Out of Stock and trying to cajole me to settle for an entirely different color. I wonder if there were any green bags after all? I know that I will be refunded, but it irks me that they still have all my credit card information. I have asked them to scrub it. I would never buy anything from this company again.Date of experience: February 16, 2023",1
earthhero.com,BAF,1 review,US,"Jul 13, 2022","Not Actually SustainableThis company does not have sustainability at its core. Of course businesses need to make money, but when a company says it values sustainability above all else and helping consumers be more sustainable, they should not make concessions to make more money. There are many brands they have on their website that go against EarthHero‚Äôs sourcing principles, but they refuse to discontinue those products. I received expired product and the packaging was made from virgin plastic, even after I asked if it was recycled because I thought plastic was not something they carried anyway. It also seems very unusual that they had a diverse team a few months ago and now it is all white employees. Sustainable and ethical go beyond the products a company sells and I do not believe this company walks the walk. There are plenty of other companies that are doing it better so I would encourage others to check out package free or public goods as they are closer to the ideals that EarthHero claims to stand behind.Date of experience: July 13, 2022",1
earthhero.com,Zoe,2 reviews,GB,"Updated Nov 4, 2022","I got drawn in to purchase the eco‚Ä¶I got drawn in to purchase the eco laundry strips by a good deal for the first pack. I‚Äôm now not allowed to cancel and have been charged ¬£9 for a pack of 32 laundry strips. I have to buy another at this price before I‚Äôm allowed to cancel. This was not made clear to me when I signed up for the subscription.Date of experience: November 04, 2022",1
earthhero.com,jj jj,2 reviews,GB,"Feb 4, 2023","Very Poor CompanyVery Poor Company, Cancelled the subscription and the company still charged me without any authorisation, I would advise to AVOID this company as they are clearly corrupt.Date of experience: February 04, 2023",1
earthhero.com,Connie Cowell,2 reviews,US,"Oct 30, 2020","Earthhero. A company that takes the planet's future seriouslyEarthhero has a great website with amazing products. I have found sustainable solutions that I'd never thought about! I just learned about this company, so I've only gotten one order, cloth towels to replace paper towels. See? What a terrific idea! I'll be back, probably to get christmas gifts!Date of experience: October 30, 2020",5
earthhero.com,Sara Neuner,1 review,US,"Oct 6, 2020","I'm so happy that EarthHero existsI'm so happy that EarthHero exists! It's so easy to shop from their carefully curated products and know that everything is sustainably/ethically made. From leggings to cleaning products to skincare and jewelry -- their products are AMAZING. High quality and you know you are making a difference. Customer service is top notch and I love that the shipping is carbon neutral.Date of experience: October 06, 2020",5
earthhero.com,Todd Burleson,9 reviews,US,"Oct 29, 2020","Why I shop EarthHeroWe can buy anything online these days.  However, we can't always be sure what we are buying comes from a reputable and earth-friendly company.  That's why I shop EarthHero.  They have the widest selection of sustainable products and fantastic customer service.  When I buy something from them, I buy with confidence and pride.Date of experience: October 29, 2020",5
earthhero.com,Mara Gwin,1 review,US,"Oct 29, 2020","My go to shop for life‚Äôs essentialsMy go to shop for life‚Äôs essentials, gifts, and household items! I‚Äôve ordered everything from Girlfriend Collective leggings to phone chargers to dish brushes to baby gifts on EarthHero.com, and am always satisfied with the customer service and selection. In the day and age of instant gratification, I am always looking for a more sustainable way to be a consumer. EarthHero.com does the work for me so I can trust my purchases are quality and friendly to the environment. I am always impressed with the shipping speed. 10/10 recommend EarthHero to my friends and family!Date of experience: October 29, 2020",5
earthhero.com,Jenn,2 reviews,US,"Aug 9, 2022","Great website and customer serviceI've ordered from EarthHero multiple times by now and always had very positive experience. Great products, great shopping experience on their website and great customer support.One package of baby wipes I ordered was a bit torn (looked like someone accidentally cut it with a knife) and they immediately offered a replacement or a refund.When a color of a water bottle I ordered ran out they contacted me to ask if I want to swap for another color or get a refund.They have always been quick to answer and very personable.Date of experience: August 09, 2022",5
earthhero.com,klaiyr goebel,2 reviews,US,"Oct 29, 2020","Sustainable Amazon SolutionIt's so nice to have a company do the work for you to ensure that you're purchasing sustainable items! They cut out the research element and have an awesome array of eco-friendly products. I feel good supporting a company with good ethics, good customer service and even better products to choose from.Date of experience: October 29, 2020",5
earthhero.com,Ciera Catalano,1 review,GB,"Updated Oct 29, 2020","EarthHero is WOWZASuch an incredible company, with the best team behind them! They have a great range of products and I love that they strive for sustainability at every turn. Would 10/10 recommend to a friend or anyone who wants a fantastic selection of products in every department with an ethical foundation. My HEROES!Date of experience: October 29, 2020",5
earthhero.com,Grace,1 review,US,"Mar 25, 2020","I love you, EarthHero!I love EarthHero- they are a trustworthy site for all things eco-friendly! I love seeing how they continue to grow and expand their product selection, even taking what I want to see on the site into account! Thanks, EarthHero, for making it easy for all of us to be ""Earth Heros!"" :DDate of experience: March 25, 2020",5
earthhero.com,Alexis Bondy,1 review,US,"May 5, 2023","How environmental are they?They talk a good game but I sent two things to my mom and she got 3 separate packages that all arrived on the same day. How is this environmental?? Not only that but 1 items came in a box 5x the size of the item...Date of experience: May 05, 2023",3
earthhero.com,Erica Langdon,1 review,US,"Aug 20, 2023","A brush. 20 dollars. Yup.I ordered what I thought was a mascara brush with a tin of mascara, I received just the brush. Why put a photo of the mascara tin if you will only give me the brush?? Ridiculous.Date of experience: August 19, 2023",1
earthhero.com,Sierra Levin,1 review,US,"Oct 29, 2020","Absolutely love earth hero!Absolutely love earth hero!! Such an easy website to navigate and love that they save me time by doing the vetting for me! Customer service team always reaches out, love that!!! 10/10 would recommend and do to all my friends!!Date of experience: October 29, 2020",5
earthhero.com,Whitney Barr,1 review,US,"Jan 30, 2021","EarthHero earned my loyalty!I was really pleased with my experience with EarthHero. It was my first order and they made a mistake and sent me the wrong items (stuff happens). When I emailed them to let them know about the mistake their response was prompt and friendly. I received the corrected items in the mail today.   I am very happy with my experience with their customer service and I will definitely be shopping with them again. Thank you EarthHero!Date of experience: January 30, 2021",5
earthhero.com,Erica Burleson,1 review,US,"Oct 29, 2020","Customer service is top notchCustomer service is top notch!  I have placed several orders for products I had not used before and the customer service was thorough answering my many questions.  I had returned a few things and had a smooth return process.Date of experience: October 29, 2020",5
earthhero.com,Ryan,364 reviews,US,"Mar 26, 2020","Love EarthHero!Thanks EarthHero for making it soooo easy to shop sustainably! Love so many of the thousands of trusted eco-friendly products and brands. Thank you!Date of experience: March 26, 2020",5
earthhero.com,Prisca Lo Surdo,5.4K reviews,US,"Dec 10, 2021","Good website, item arrived on timeI had no experience with this site so I was a bit hesitant at first, but I am happy to report that they delivered my order on time and I had no issue whatsoever, and I got prompt updates throughout.Date of experience: December 10, 2021",5
earthhero.com,Becki Lynn,5K reviews,US,"Mar 25, 2020","Great selection of eco-friendly products!Quick shipping, friendly customer service, and great product selection!Date of experience: March 25, 2020",5
earthhero.com,,1 review,,,,
earthhero.com,,1 review,,,,
earthhero.com,,3 reviews,,,,
earthhero.com,,1 review,,,,
earthhero.com,,2 reviews,,,,
earthhero.com,,1 review,,,,
thegreencompany.online,Jackie Thompson,1.6K reviews,GB,"Jun 3, 2024","Great productsGreat products, no mess in the washer, no large containers to find space for. The scent for the wash & conditioner is gorgeous, and you can smell it on the clothes. I love the simplicity of the whole products as well as being great for the enviroment. Won't be going back to shop products unless price goes up drastically. Date of experience: May 24, 2024",5
thegreencompany.online,S,16 reviews,GB,6 days ago,"Really like the green companyReally like the green company. i ordered wash sheets and they do a great job. Customer care person, Leanne, responded quickly and resolved issues. Already recommending to friends and family.Date of experience: May 17, 2024",5
thegreencompany.online,JM,4.4K reviews,GB,"May 21, 2024","Perfect laundry sheetsThe Green Company's laundry sheets have been an absolute revelation! Great cleaning power, smell lovely, and so many wins in terms of sustainability. (Plus the regular orders take the hassle out of needing to think about always having them in stock.) Great stuff!!!Date of experience: May 21, 2024",5
thegreencompany.online,Veronica Lynch,14 reviews,GB,"May 21, 2024","Game changing laundry products My order arrived much sooner than I expected. I love the space saving packaging and the fact that, unlike many laundry products, the fragrance is not overpowering and the sheets are environmentally friendly and so easy to use. The washing is left clean and smelling fresh. I will be using The Green Company laundry products for the foreseeable future and I would highly recommend both the products and the company.Date of experience: May 16, 2024",5
thegreencompany.online,Chris,30 reviews,GB,"May 23, 2024","Surprisingly EffectiveI originally had doubts and thought it may just be a supplement to regular washing powders, but it exceeded expectations and it great for quick-wash, dirty wash, towels and heavy-wash etc. I‚Äôve switched; well doneDate of experience: May 23, 2024",5
thegreencompany.online,Nicola,14 reviews,GB,"Updated May 16, 2024","Great for newborns and babies too!I tried these sheets as we recently welcomed our firstborn to the world, and I wanted to protect her skin while also clean the tough poop stains - including on her white vests!! They work brilliantly. I also love how environmentally friendly they are, they fit through the letterbox and they take up no space at all in my cleaning cupboard!I found the sheets when researching extensively for plastic free detergent, and so pleased I found these sheets. Ill be able to take them on holiday too!Date of experience: May 16, 2024",5
thegreencompany.online,Lucy,15 reviews,GB,"May 12, 2024","So glad I've made the swap to Green Co. Laundry SheetsJust brilliant, so very pleased I've made the swap to laundry sheets. I have a large capacity machine, but use just 1 sheet of the non-bio unscented for most loads, and 2 sheets if it's a particularly large / grubby load (we have hard water). I particularly love how simply clean the laundry smells. No need for fabric conditioner either - I just add some white/distilled vinegar to the drawer for things like towels.Date of experience: May 12, 2024",5
thegreencompany.online,Sally,6 reviews,GB,"May 13, 2024","The green company laundry sheetsI brought a trail packet of the laundry sheets, very please with those, as most companies don't do. Also was having problems with my usual eco tablets. I order 64 sheets on a regular subscription. They were delivered on time even though I order them before a bank holiday. Been very impress with this company. Would recommend to people to use.Date of experience: May 12, 2024",5
thegreencompany.online,Tara,17 reviews,GB,"May 11, 2024","I love this productI love this product! It smells great, packaging is perfect and most importantly it cleans stains and is affordable I‚Äôve been using it for a nearly a year after being introduced at a country agricultural fair. I will never go back to plastic laced detergents. Date of experience: May 11, 2024",5
thegreencompany.online,Gene S,2 reviews,US,"Apr 25, 2024","So good for several reasonsWe have ordered the fragrance free Eco Laundry Detergent Green Sheets several times and are most happy with the product.  An ecological friendly product that works well and is ecologically packaged.  Gentle on the environment and the skin. Eliminates single use plastic and, increases shelf space in the laundry room too!Date of experience: April 25, 2024",5
thegreencompany.online,Heidi,18 reviews,GB,"May 2, 2024","Recommended from a family of fourI have switched to laundry sheets from conventional clothes washing liquid and like them for several reasons: they save space, they work well, they reduce waste. We're a family of four so do a lot of washing. I like the new packaging upgrade as well.Date of experience: May 02, 2024",5
thegreencompany.online,Gabrielle,1 review,GB,"May 24, 2024","Why didn‚Äôt I do this before?Great to use less plastic but no compromise on cleaning power. Easy to store, taking up far less space. Date of experience: May 17, 2024",5
thegreencompany.online,Fiona ,1 review,GB,"May 7, 2024","Good packaging, quick delivery, responsive customer service and great products!Easy to navigate website, quick responses when I had queries and super fast delivery (like I mean, crazy fast - the Green Company must have literally shipped my order within minutes of me placing it!)So far am loving both the laundry sheets and the all 4 of the sprays. I trialled them at home before moving them into use in my off grid, eco hospitality business. Am very happy with the results. At first I thought the colours of the sprays were a bit bright for things that are supposed to be so gentle. But the colour coding is useful and keeps everything really simple. I have just purchased a full set of the 4 cleaning sprays for each of my eco cabins and now the cleaning team will ONLY use these sprays as we can trust they are gentle and safe for our off grid waste water treatment. Plus we won't be throwing out empty bottles when they run out, the team will simply be dropping another tab into the bottle, filling it up with water and off we go. We tell our guests about everything we use in our cabins - we're excited to tell them about our switch to The Green Company.Date of experience: May 07, 2024",5
thegreencompany.online,Paula,2 reviews,GB,"May 2, 2024","Got the first order of samples and‚Ä¶Got the first order of samples and thought they were great so ordered a full batch when the next lot came and I stared to use them the sheet doesn‚Äôt dissolve and ends up sticking to my clothes or the washing machine door.unfortunately I got another batch delivered only singed up for 1 batch and didn‚Äôt know about this until I received an email saying that my next lot was on its way. So I quickly went on to stop the repeat order.I'm now left with loads that don‚Äôt do the job they‚Äôre supposed to do. So I‚Äôll have to try other brands.I feel like the sample sheets were a con to get you to buy them. Date of experience: April 02, 2024",2
thegreencompany.online,Mr Douglas Findlay,6 reviews,GB,"Apr 23, 2024","A converted scepticWe have wanted to be greener for a while but have struggled with the hype and guilt-tripping of social media and some of the green lobby and we have atopic eczema in the family. We had a couple of questions too about perfume and conditioners so having had a candid and rapid response from The Green Company, we dipped our toes into the water with a couple of sample laundry sheets. Our experience continues to be very positive and even though TGC has discontinued their dishwasher sheets (they're looking for a better solution), we continue to be enthusiastic converts. (we even took a small bag of the laundry sheets to Canada with us allowing us to pack light and wash whilst away!) Date of experience: November 17, 2023",5
thegreencompany.online,Gaenor Hall,8 reviews,GB,"Feb 26, 2024","On my second order of laundry detergent‚Ä¶On my second order of laundry detergent sheets and I‚Äôm sold! The product is wonderful on many levels‚Ä¶ the smell is beautiful and subtle (it doesn‚Äôt smell of harsh chemical scents) also the wash is lovely, leaving my clothes feeling soft and conditioned. I live in a small space so the minimal storage is great. Environmentally I feel good about doing my washing. The company has been great to deal with answering any questions very promptly, it feels like I‚Äôm dealing with real living people! üòÅ üëöüëñüåà‚òÅÔ∏è‚òÄÔ∏èDate of experience: February 26, 2024",5
thegreencompany.online,Rachael Taylor,8 reviews,GB,"Mar 5, 2024","Eco Laundry Detergent is a great productI ordered the Eco Laundry Detergent Sheets. They arrived really quickly and well packaged. They are so economical and as I subscribed, it's a big saving on what I was previously paying. I love the lavender fragrance, I love that they hardly take up any space in the cupboard under my sink and there is no compromise on quality. I run a small B&B so it's essential that my sheets are spotlessly clean and this product does not disappoint. I highly recommend.Date of experience: February 15, 2024",5
thegreencompany.online,Justina,11 reviews,GB,"Mar 22, 2024","Extremely happy with the purchaseI ordered Eco Laundry Detergent Sheets in an attempt to reduce plastic packaging. Delivery was extremely fast and it came with minimal packaging (good for the environment)! It washes clothes very well. I will be buying it again from this shop. Highly recommend if you are trying to make small changes for a bigger impact.Date of experience: February 27, 2024",5
thegreencompany.online,Ja,1 review,GB,"Feb 26, 2024","Laundry Sheets. Game Changer! Got laundry sheets small pack for the first try & was very pleased (and amazed!) Committed to biggest pack second purchase. Laundry smells nice & fresh even though I chose unscented. A permanent change for me. The  light weight, the transport saving, fitting through letterbox, cardboard packaging. Best household ‚Äògreen-change‚Äô in a long time! Lovely customer service too. Date of experience: February 19, 2024",5
thegreencompany.online,Mrs K Mcf,12 reviews,GB,"May 15, 2024","Fantastic Washing SheetsA great product that is not only fantastic for the environment, but cleans well too!Date of experience: May 15, 2024",5
thegreencompany.online,stones,14 reviews,GB,"Mar 11, 2024","I bought this product because I wanted‚Ä¶to help marine life and the environment I bought this product because I wanted to use something that didn‚Äôt add to all the marine and eco problems caused by other laundry products. If I‚Äôm honest, I expected it to be less efficient at cleaning than my previous product, but my laundry comes out of the machine beautifully clean and smelling fresh whether I‚Äôm washing at 30 degrees or higher. This product far exceeded my expectations and I am so pleased I swapped.Date of experience: March 01, 2024",5
thegreencompany.online,Alysha,5 reviews,GB,"Updated Jan 23, 2024","Amazing productThe laundry sheets are just amazing. No more mess filling the washing machine and they clean just as good as any other detergent even with 2 young boys who lets face it.... are dirty üòÇ. My youngest son also has incredibly sensitive skin (he can only use baby moisturiser otherwise his eczema flares) these have not aggrevated his skin at all.I have tried all 3 fragrances (unfragranced, lavender and fresh linen).I will definitely keep using and recommend to anyone wanting to stop all the plastic waste or even just a cleaner tidier cupboard üòÇDate of experience: January 23, 2024",5
thegreencompany.online,Bry Mogridge,10 reviews,GB,"Mar 19, 2024","Excellent product and serviceI can see why these laundry sheets were voted number one, as they wash so well. All my laundry comes out clean and sweet smelling. Quick delivery too, which was a real bonus. I have tried other companies but although their products were good, their customer service left a lot to be desired.I will definitely use The Green Company againDate of experience: March 01, 2024",5
thegreencompany.online,Emily,1.6K reviews,GB,"Jan 24, 2024","Great Product....I've always used 'green' detergent since my daughter developed eczema many years ago. At the time only powders were available and so having experimented with a few of the sheets recently, The Green Company, in my view, is the best. Great product, straightforward ordering, quick delivery and most importantly they don't try and trick you with additional sales or subscriptions at check out! This is why I came back, and this is why I will stay.Date of experience: January 24, 2024",5
thegreencompany.online,Francine Poole,16 reviews,GB,"Feb 26, 2024","I love this companyI love this company. The laundry sheets are fabulous and clean brilliantly. It's a small small company  at the moment and ethically it is spot on in terms of providing sustainable quality products and packaging which are kind to our environment. We all need to be doing what we can and this company makes it easy.  I look forward to seeing the company grow and buying more products. Date of experience: February 26, 2024",5
thegreencompany.online,Clare Allan,4.4K reviews,GB,"Dec 20, 2023","Really fab for sensitive skinI buy the fresh cotton sheets and they smell great. I probably use more than recommended because the scent is quite subtle. My youngest has mild asthma and associated dry skin / possible eczema & whenever I use supermarket capsules (non bio) his skin becomes irritated. With these sheets his skin is fine & it saves me battling with him to put cream on his skin!!! As an added bonus I save a fortune on said creams as they are no longer needed!!  I‚Äôve recently upped my subscription & no longer even buy other brands.Date of experience: December 20, 2023",5
thegreencompany.online,Paul ,20 reviews,GB,"Mar 18, 2024","We tried The Green CompanyWe tried The Green Company laundry sheets and found them cheaper than our normal detergent but equally as good performance with the added bonus of a good fragrance to the laundry. We will continue to use then as they are also kinder to the planet and delivered directly to your door. Date of experience: March 01, 2024",5
thegreencompany.online,Ms Richardson,2 reviews,GB,"Feb 5, 2024","An ingenious and very effective productI initially tried a sample of The Green Company's laundry sheets that had been posted through my door.  I was curious and liked the brand's ethical credentials but not entirely confident that the product would/could work.  However, not only did they wash/clean brilliantly, but were easy to use and smelled really nice (Fresh Linen fragrance).  Having been convinced of their effectiveness I thought that the other great advantage of the laundry sheets for me would be that they take up very little storage compared with my normal powder Non Bio which comes in big bulky boxes.  My first order arrived promptly and I am very pleased with the whole experience.Date of experience: February 03, 2024",5
thegreencompany.online,Roberta Fox-Braddock,18 reviews,GB,"Feb 26, 2024","Excellent guilt free products This is a brilliant small company. So far I have bought two products from them. The washing sheets work beautifully and leave washing clean and smelling lovely. The cellulose wipes have saved my sanity as I hate smears on the work surfaces. They wipe these areas up without just redistributing water and spills. Date of experience: February 09, 2024",5
thegreencompany.online,Judith,2 reviews,GB,"Jan 30, 2024","Love these laundry sheetsLove these laundry sheets. Nice and easy to use and washed well, although I don't have any heavily soiled washing. Love the smell of the Fresh Linen ones. Particularly good on my merino wool clothes. Don't have to use as much fabric softener with them. Only downside is that I always have to use two sheets per load because my water is a bit hard so not as economical per wash as the liquid alternative.Date of experience: January 30, 2024",5
thegreencompany.online,Lorraine ,15 reviews,GB,"Feb 6, 2024","Laundry sheets -The Green CompanyTried other products to find one I liked and this is by far the best .My only issue was my own incompetence as they are packaged in cardboard and as my utility is outside the cardboard got damp but that said the sheets were intact inside and worked absolutely fine anyway so remember to keep them somewhere water tight/damp free ( obvious really üòÇ)The washing cleaned well and smelled nice on the half sheet recommended .Dried with a softness so dont need conditioner. Another bonus !Ordering is easy with lots of options showing clear pricing .Received very quickly with excellent communication via email about delivery .Honestly can‚Äôt fault this company which is rare these days üòÅDate of experience: February 06, 2024",5
thegreencompany.online,Bev Skilton,3 reviews,GB,"Nov 29, 2023","A win win win product!The Green Company Laundry sheets are brilliant - ALL my family's washing comes out clean and smells deliciously fresh! This product is a 'win win win' one: excellent performance, easy storage and no more big plastic bottles! The laundry sheets don't contain harsh chemicals so there is no need for fabric softeners. I feel very happy that by using these laundry sheets I am doing my bit to help the environment! A true feel good product - well done The Green Company!Date of experience: November 15, 2023",5
thegreencompany.online,Dorte,3 reviews,GB,"Jan 29, 2024","Lavender laundry sheets work so wellMy lavender scented laundry sheets arrived quickly - and they work so well! They really wash clean and I love the faint lavender scent. For white washes, I add Ecover laundry bleach to ensure whites don‚Äôt go grey, over time - but I don‚Äôt actually know if that is needed.I use a full laundry sheet (ie not torn at the perforation) for a full 7 kg wash, as I live in a hard water area.Date of experience: January 29, 2024",5
thegreencompany.online,Sue Hughes,14 reviews,GB,"Aug 23, 2023","Laundry Detergent Sheets amazing findThe Green Company‚Äôs Laundry Detergent Sheets are a really fantastic find in several ways.  Just one small sheet is enough to make my washing clean and fresh smelling with no chemical floral smell.  No plastic bottles used and that includes softener, it‚Äôs not needed.  Makes me feel good about using these detergent sheets.  My recycling bin is getting reduced every week, working towards NO PLASTICDate of experience: August 23, 2023",5
thegreencompany.online,Sara Allan,4 reviews,GB,"Dec 21, 2023","Wow, fantastic eco friendly laundry sheets and more.Wow, the Green Company‚Äôs Laundry Sheets are FANTASTIC. Eco friendly and biodegradable and space saving sheets. The packaging is also recyclable. Amazingly easy to order and superb customer service and very speedy delivery. I was so impressed with the Fresh Linen laundry sheets, I‚Äôve told all my friends and I‚Äôve also purchased their plastic free dental floss, hair ties and dishcloths. All are fabulous. I‚Äôm can‚Äôt praise them enough for their ECO credentials and I‚Äôll be a very loyal customer going forward. So give their products a try you won‚Äôt be disappointed.Date of experience: December 21, 2023",5
thegreencompany.online,Lisa F,7 reviews,GB,"Jan 10, 2024","Laundry detergent sheetsLove the fact I‚Äôm given the opportunity to increase or pause my order before it ships on its scheduled date. Product is great and I am more than happy with it. Glad to have eradicated heavy artificial scents which are part and parcel with the detergents of old. Now my laundry just smells clean and fresh.Date of experience: January 09, 2024",5
thegreencompany.online,Mary Murdoch,9 reviews,GB,"Jul 21, 2023","Very pleased with my washing sheetsVery pleased with my lavender washing sheets. Why?* No plastic and recyclable packaging* Delivered through my letter box, no waiting in* Beautiful subtle fresh smell* Washes extremely well on 30 or 40 degrees* Economical and versatile (used for hand washing    clothes too)* No residue left on clothes as with my last detergentI would recommend this product to anyone wanting to help save on packaging and throwaways who care about their environmental footprint.I have ordered the cellulose dishcloths and reusable makeup pads. Looking forward to trying them.Date of experience: June 30, 2023",5
thegreencompany.online,Davinia Boyd,1 review,GB,"Feb 8, 2024","Great ethical products at competitive pricesThis is a really motivated environmental company. I love the bee wraps, the laundry sheets and the zodiac sponge. The bamboo toothbrush has been great on holiday too.  The costs are competitive and the products good too. Nice to have a company with a personal touch in a world of online shopping. Keep up the good work.Date of experience: January 24, 2024",5
thegreencompany.online,Jen Sankey,36 reviews,GB,"Feb 6, 2024","Brilliant productI'm usually very picky, I have to wash restaurant work wear and this does the job just as well as the leading brands and you can feel good about yourself while using it. Absolutely use this product 100% will be recommending üëçDate of experience: February 06, 2024",5
thegreencompany.online,Anna,20 reviews,GB,"May 10, 2023","Unexpected game changer!Pleasantly surprised as to how effective the washing sheets are! They take up hardly any space, and washing is lovely and fresh. I tested on my son‚Äôs muddy trousers using high street non bio fairy capsule and the green company dip, the outcome was the same, but less waste and no harmful chemicals! Signed up for monthly delivery:) I also bought the bees wax wraps which are simply great, I wish I found them sooner, so much better than cling film! Doing my bit for our amazing planet and protecting my family from chemicals and plastic!Date of experience: May 10, 2023",4
thegreencompany.online,KH,9 reviews,GB,"Feb 23, 2024","Great productGreat product.  We have sensitive skin and have had no reaction.  Eco packaging. Won‚Äôt be going back to branded ‚Äòplastic bottle‚Äô detergent. Have signed up for annual delivery.Date of experience: February 23, 2024",5
thegreencompany.online,"Claire, London ",5 reviews,GB,"Feb 2, 2024","These laundry sheets are such a find!These laundry sheets are such a find!Really happy with these! I‚Äôve been looking for the best ones and finally found these! They clean well, smell great and aren‚Äôt more expensive than regular washing detergent. It feels great to know you‚Äôre being kinder to the environment and reducing packaging waste. Love that there‚Äôs a subscription option and they‚Äôre delivered straight to your mailbox without having to give it a second thought! A brilliant product all round and I‚Äôve recommended to so many people! My washing machine is so much cleaner too. Much better than all the toxic chemicals they use in laundry detergent. I won‚Äôt be going back now I‚Äôve found these! Cant wait to try some of The Green Company Online‚Äôs other products! Love love love! üíöDate of experience: January 26, 2024",5
thegreencompany.online,allan drummond,3 reviews,GB,"Aug 14, 2023","What's not to like about the sheetsWhat's not to like about the sheets ? They pop through the door every 4 weeks so no lugging great big boxes of washing powder from the supermarket. We wash with cold water (as the washing machine heating element has gone caput) and all the clothes, towels and linen come out of the machine clean and fresh and only cost a few pennies per wash. If you are concerned about the environment then these sheets are for youDate of experience: August 14, 2023",5
thegreencompany.online,Alex,6 reviews,GB,"Aug 10, 2023","Excellent range of products!I stumbled across 'The Green Company' via an advert on social media after seeing some 'Laundry Detergent Sheets'. Not only are they affordable, but also amazing at washing your clothes. I usually use two sheets with a load and it's as simple as that! After your are finished with the accompanied packaging it can be recycled! :)Date of experience: August 10, 2023",5
thegreencompany.online,Cons Umer,1 review,GB,"Jan 2, 2024","Excellent productI don‚Äôt normally leave reviews, however, I‚Äôm so impressed with this product I felt it justified a review.I have to admit, I was somewhat dubious about the leaf type products, having tried a couple of other brands and been disappointed, but a friend recommended these, and I‚Äôm thoroughly impressed! Not only do they clean better than my previous well known brand pods, removing even old stains and odours, but they also don‚Äôt leave what appeared to be a residue on the various fabrics.Not only are they better for the planet, they save a huge amount of space in the cupboard but they also provide a better job!Thank you‚Ä¶ I‚Äôm a convert!!Date of experience: December 29, 2023",5
thegreencompany.online,PUNINS,3 reviews,GB,"Jan 25, 2024","What a product! Excellent!What a product! Better for the environment, powerful cleaner, easy to use, fantastic smell, no waste or mess. This product is a game changer and I‚Äôm a total convert.With two little boys we are constantly washing and to have a product delivered direct to our door that takes up minimal storage space is an added bonus. I use a single sheet for a full load. I could not recommend this product more. Buy it!Date of experience: January 25, 2024",5
thegreencompany.online,Kim,1.6K reviews,GB,"Sep 17, 2023","Laundry detergent sheets reviewI ordered the laundry detergent sheets but I was a bit dubious that they would actually work. I needn't have worried as they wash the clothes really well, and I no longer need to buy fabric softener as the clothes are beautifully soft, even after hanging out on the line to dry... no more crispy hard washing!! I thoroughly recommend and I have set up a subscription to have them delivered regularly :)Date of experience: September 12, 2023",5
thegreencompany.online,Jenny Adams,16 reviews,GB,"Jun 27, 2023","I love having discovered theseI love having discovered these. Firstly, it gives me so much space back on my washing machine counter-tops, no more bulky massive liquid bottles or boxes. I find it super easy to take them on holiday rather than having to buy a separate travel box - just grab a couple of sheets and I'm good to go for the entire week away! They also smell lovely, both whilst being stored in our utility and just leave a barely there fresh fragrance for the clothes. And I think they are good value for money compared with conventional options too, so all around a winner.Date of experience: June 20, 2023",5
thegreencompany.online,Victoria Sykes,4.4K reviews,GB,"May 2, 2023","I switched to these sheets a few months‚Ä¶I switched to these sheets a few months ago to try and reduce my plastic waste and think they‚Äôre great. As well as reducing plastic waste, they are perfect to take with you when travelling as they take up so little space, and additionally they don‚Äôt aggravate my daughter‚Äôs skin - for years every time I would change laundry products her eczema would flare up. Would totally recommend them!Date of experience: May 02, 2023",5
thegreencompany.online,Theresa,5 reviews,GB,"Aug 31, 2023","Love, love, loveI love the Green Company laundry detergent sheets, so much so I have been giving my family samples to try for themselves. They soap up well, much better than others I have tried, and what‚Äôs not to like doing away with bulky plastic containers which are so harmful to the environment. They arrive in a sleek cardboard recyclable envelope. They are just brilliant. Hats off to the Green Company.Date of experience: August 31, 2023",5
thegreencompany.online, L Bancroft,9 reviews,GB,"Aug 21, 2023","Love these laundry sheets!Excellent product, have tried unscented and lavender scented laundry sheets. Very pleased with cleaning results, fabric softener is not needed and laundry smells fresh and clean. Love that the packaging is recyclable and takes up so little space. Will not be going back to my old laundry productsDate of experience: July 30, 2023",5
thegreencompany.online,Izzy xx,30 reviews,GB,"Feb 28, 2024","Favourite laundry sheets!I LOVE !!! The green company. I‚Äôve been using the laundry sheets and they‚Äôre just wonderful. They don‚Äôt irritate sensitive skin, then smell good, they clean clothes really well (even on a cold wash!). The cherry on top is how fast the shipping is! Will never go back <3Would 100000% recommend Date of experience: February 28, 2024",5
thegreencompany.online,Kw,17 reviews,GB,"Aug 31, 2023","Conplete convert to detergent sheets.I bought the laundry detergent sheets mainly for travelling and student son. Am now a complete convert and will never buy bulky liquid detergent again. Cheaper, greener, easier to store and every bit as effective. I keep giving away sheets to convert others. Delivered quickly in cardboard packaging.Date of experience: August 14, 2023",5
thegreencompany.online,Jackie Usher,5 reviews,GB,"May 18, 2023","5 Stars for great product & serviceAs I‚Äôm trying to reduce my carbon footprint and make better choices, I tried these washing sheets and am so pleased with them. No issues with quality of washing results, smells great, extra room now in cupboards as no bulky plastic washing liquid bottles. I registered for the subscription option and they emailed me ahead of the second dispatch to give me time to suspend, change or stop the order, so true to their word as per website.Date of experience: May 01, 2023",5
thegreencompany.online,Susan Hillier,2 reviews,GB,"Aug 15, 2023","What's not to like! ‚Ä¶I decided to try the Green companies laundry sheets after seeing them on Facebook. They were offering a trial pack of 6 in either non bio or fragrant for 95p postage, what's not to like! I was a little dubious wondering how a little sheet could do a big wash and I put in 2 as advised for a big wash. I was so pleased with the results, a really clean fresh smelling wash. I will be ordering these little beauties once I've used up my bulky fabric softener and detergent. They come in a small pack so more room in your cupboard plus the container is bio degradable!!Date of experience: August 13, 2023",5
thegreencompany.online,lynne,5 reviews,GB,"Jan 28, 2023","Brilliant Laundry sheets!Brilliant Laundry sheets!Been doing building work so get grubby but everything washes beautifully and has a subtle clean and fresh scent. No extra conditioner needed so cost savings plus our septic tank is also happy as no nasty chemicals.It‚Äôs a win win!Date of experience: January 28, 2023",5
thegreencompany.online,Susan,7 reviews,GB,"Jan 31, 2023","I'm very pleased, so I've taken out a subscription.I ordered the lavender scented laundry sheets a few months ago, not only to save having to sending detergent bottles to recycling, but also to reduce the space taken up with storing enormous plastic bottles. I'm very pleased with how the laundry sheets are performing, they have had to tackle some tough stains lately and have seen most of them off. I've taken out a subscription.Date of experience: November 01, 2022",5
thegreencompany.online,SK,5 reviews,GB,"Nov 4, 2023","Was skeptical but really impressedWas skeptical but really impressed! Was worried as I have eczema and a toddler so as much as I wanted to be eco friendly was worried it wouldn‚Äôt work as well as haven‚Äôt had a good experience when I tried Ecover products before. But really impressed, worked really well on white shirts, as well as stains and toddler dirt (paint and mud related nursery activities). Also smells great! Have now fully switched.As an aside the customer services are also really responsive and helpful.Date of experience: October 20, 2023",5
thegreencompany.online,Carol and Glen ,6 reviews,GB,"Apr 12, 2023","Green Company Eco Laundry sheets DO‚Ä¶Green Company Eco Laundry sheets DO clean my washing at low temperatues. Both scented kinds,  linen and lavender, have a subtle scent so no overpowering scented smells after washing. Can use for hand washing also. Easy to use and can set up a flexible regular delivery through the post making reordering very simple and adaptable for ongoing supply.  Very helpful with any enquiries I had.Date of experience: March 22, 2023",5
thegreencompany.online,Natasha Soliar ,22 reviews,GB,"Oct 11, 2023","Good to try 4 washes for just 95p. Great product & serviceI've wanted to try laundry sheets for a while so seeing The Green Company offer a sample for just 95p postage was a no-brainer to me. I expected one or two sheets for one or two washes but received two sheet which is four full loads which is very generous.I'm really happy with the product, how it works, the lack of mess,the nominal space it takes up in a cupboard, it's washing ability and how quickly my order arrived, though I may like a stronger fragrance, I can't fault it at all.I may be trying other versions purely for fragrance purposes but I can already highly recommend The Green Company to anyoneDate of experience: September 21, 2023",5
thegreencompany.online,customer,4 reviews,GB,"May 16, 2023","The bee's kneesLove the laundry detergent sheets - such an amazing product. Zero plastic, minimal storage space required and superb cleaning resultsAs for the beeswax food wraps - just wow, so much better than plastic! And all delivered quicklyDate of experience: May 02, 2023",5
thegreencompany.online,SM,10 reviews,GB,"Aug 5, 2023","The beeswax wraps are the bestI can now minimise on plastic containers and create more space for other things in my cupboard, they wash easily and they don't smell. The most important thing for me is the fact that they wrap tight enough to prevent spillage! Brilliant idea and now I've tried and tested I'll be purchasing more!Date of experience: July 21, 2023",5
thegreencompany.online,Anne-Marie Graham,15 reviews,GB,"Aug 15, 2023","Happy customerI ordered the fresh linen detergent sheets. Happy with ease of ordering and delivery. I've been using them for a few weeks now, and find half a sheet is usually enough for a standard load. I use a full sheet for big loads like bedding and towels. The scent is lovely and they clean my laundry effectively with no residue, so no extra rinse needed. Having tried both, I've discovered that I still like to use my Ecover fabric conditioner. Packaging is fab. No plastic, no waste and reasonably priced. I've already recommended to friends as the product is great and the company ethical. Win win as far as I'm concerned.Date of experience: August 15, 2023",5
thegreencompany.online,Paula,11 reviews,GB,"Feb 26, 2024","Laundry detergent sheets are excellent! I have been using the laundry detergent sheets for over a month now, and have been really impressed by how well they clean. Not only that, they are very reasonably priced. I shall definitely be buying again üëçDate of experience: February 26, 2024",5
thegreencompany.online,Wadz,21 reviews,GB,"Jul 31, 2023","Try these sheets - you won‚Äôt regret itRecently received our ‚Äòwashing sheets‚Äô from the Green Company. They are excellent and leave a light lavender smell on your clothes; especially the towels.These sheets would be great to take on holiday to wash your smalls üòâ. They would take up no room in your case, would not spill out like powder or potentially burst like capsules.Date of experience: July 31, 2023",5
thegreencompany.online,Mrs frances mary Hallmann,37 reviews,GB,"May 27, 2023","Excellent productI have been using the detergent sheets for over a year. I love the fact that I'm no longer using and discarding large plastic bottles, just the concentrated detergent. My washing comes out clean and fresh, without the intense artificial smell of most detergents, which I dislike. The cardboard envelopes of detergent sheets are so easy to store, are so much lighter and take up a fraction of the space of bottled detergent. Delivery is always prompt and the product arrives in plastic free packaging.Date of experience: May 27, 2023",5
thegreencompany.online,Katie Robinson,6 reviews,GB,"May 22, 2023","Good for usI bought these to reduce our plastic consumption. I like that these come in cardboard and can be posted through the letterbox.The scent is minimal (I got lavender scent) but this is fine for us as I add extra scent with essential oils. I‚Äôve washed my daughter‚Äôs clothes with this and she‚Äôs had no reaction to the detergent. I recommend for ease of use (no liquid spills or residue left from plastic pods on a low heat wash) and simplicity.Date of experience: May 22, 2023",5
thegreencompany.online,Dawn Goodwillie,17 reviews,GB,"Aug 23, 2023","These laundry detergent sheets are‚Ä¶These laundry detergent sheets are fantastic. I first came across them when I received a free sample and now I‚Äôm never buying pods/ powder again. They are environmentally friendly and they are very reasonably priced as wellDate of experience: August 01, 2023",5
thegreencompany.online,Terry,134 reviews,GB,"Jul 31, 2023","Fragrance free laundry sheetsFragrance free laundry sheets - wasn‚Äôt sure how well these would work but they are brilliant. Washing just smells clean without any artificial fragrances making me itch! I have used them on my son‚Äôs dirty work clothes that come out just as clean as they used to with a washing powder. Will definitely keep using.Date of experience: July 31, 2023",5
thegreencompany.online,Kim ,1.6K reviews,GB,"Aug 27, 2023","Very good productI was sceptical on how good these laundry sheets would be but wanted to use something without all the chemicals. The day they arrived I spilt Beetroot down a white top and left it until the next day to wash believing I had ruined it, but no every bit of the stain came out with no trace left! Definitely worth the purchase.Date of experience: August 07, 2023",5
thegreencompany.online,Helen Morris,16 reviews,GB,"Oct 9, 2023","Fantastic eco friendly clothsAnother lovely purchase from The Green Company. I was so happy with my eco friendly washing sheets I decided to try the cellulose cloths. They are absolutely brilliant! Absorbent, easy to wash and dry, and eco friendly too. They also look nice! Delivery was quick and ordering from the Green Company was simple.Date of experience: July 03, 2023",5
thegreencompany.online,Holly Lasseter Designs,4.4K reviews,GB,"Sep 4, 2023","environmentally friendly productsI think using the kind of products that this company produce is the way to go. Their environmentally friendly products are no more expensive than any others if you choose carefully, I find they work just as well and involve NO PLASTIC - what‚Äôs not to like?!Date of experience: September 04, 2023",5
thegreencompany.online,Joan,6 reviews,GB,"Oct 17, 2023","Customer Service ‚Ä¶I have been buying from this company for some time now and packages have always been delivered on time and as described.  The washing sheets get everything clean and smell really fresh without being overpowering.  I had a problem when trying to order no - plastic hair ties. My subscription was due and the company got in touch to see if I still wanted the ties.  They sorted out the issue and my ties arrived with the subscription.  Their customer service team really excel.Date of experience: October 04, 2023",5
thegreencompany.online,sally russell,3 reviews,GB,"Mar 1, 2023","Brilliant service and productsI tried the laundry sheets in the lavender fragrance and I am amazed how well they work. My washing comes out clean and smells lovely without being overly scented. It is so soft and requires less ironing even without the use of fabric conditioner. The delivery was really quick and I have set up a subscription which works out even cheaper.Date of experience: January 27, 2023",5
thegreencompany.online,kay ,8 reviews,GB,"Jul 12, 2023","Love the laundry sheets.                   Love the laundry sheets- very kind to‚Ä¶Love the laundry sheets- very kind to my sensitive skin and economic too as I can wash a lot of different fabrics together . Will definitely be buying more. Also plan to try out their other products as I support their anti plastic stance.Date of experience: July 10, 2023",5
thegreencompany.online,Kristina Abadie,1 review,FR,"Jul 18, 2023","Great for travelingThe sheets are a great invention. I ordered them for traveling as they take up no space and I am so happy I did so. The clothes were clean and soft when washed at 40 degrees. My son will be taking them next in Interrail as it means not having to buy a complete pack or using some washing powder which leaves your clothes like cardboard. The order came through really quickly in a very thin cardboard envelope. Definitely recommend.Date of experience: July 13, 2023",5
thegreencompany.online,EJ,9 reviews,GB,"Updated Mar 6, 2023","Excellent! ECO LAUNDRY DETERGENT SHEETSI'm really impressed.  After positive recommendation for detergent sheets on Radio 4's Sliced Bread I tried them.  They wash well and save so much packaging - so much better for the planet.  I'll be buying more.  Efficient delivery too.Date of experience: March 01, 2023",5
thegreencompany.online,Sarah Cunningham,8 reviews,GB,"Jul 10, 2023","Fantastic product, highly recommend.Fantastic product, so simple to use and cleans perfectly.  Only one, or if you're like me and like multiple scents, packet in your laundry area rather than lots of bottles.  Thus saving space.  I feel it works out a similar amount to what I would've spent on bottles, but it's environmentally friendly.  Smells wonderful. Soft, clean clothes. Gets posted to me monthly so one less thing to carry in my shopping. Customer service team friendly and helpful.  What's not to love. Wish I had discovered them sooner.Date of experience: June 01, 2023",5
thegreencompany.online,Shaun Jeffery,5 reviews,GB,"Feb 27, 2023","Cleanest greenest laundry detergentI've been using Eco Laundry Detergent Sheets from The Green Company for around four months now.  I was originally intrigued but sceptical, so thought the best way was to try it for myself.The attraction was a laundry product with no waste, no plastic, a subscription model and 100% recyclable packaging. And, as a bonus, it takes up much less room in the cupboard than all those plastic boxes other brands use.The results are, in my opinion, that it cleans just as well as any of the big brand products but with significantly less environmental impact.This is now the only laundry product we use.Date of experience: October 27, 2022",5
thegreencompany.online,Vicky Y,23 reviews,GB,"Mar 8, 2023","Worthy spendingI bought the product after reading reviews for eco detergent sheets.the pack seemed a bit pricy but it contains many sheets so it made the most reasonable one.I tried 3 different this kind but one of them was not thick enough, another was not really eco and another was too expensive.the scent is nice and the sheets are easy to handle and thick enough to cover average laundry.Date of experience: March 01, 2023",5
thegreencompany.online,Janet Mason,15 reviews,GB,"Aug 15, 2023","Good service and great productPleasantly surprised by the linen fresh laundry sheets.  I bought these to save on weight for our epic motorhome trip. They wash as well as, if not better than, my usual laundry product. The temperature of the wash was 30¬∞. The clothes are also fine without fabric conditioner, which also saves space and weight in the van.  They were delivered quickly as well.  I would definitely recommend these sheets and this company.Date of experience: August 02, 2023",5
thegreencompany.online,Barbara,8 reviews,GB,"May 15, 2023","Brilliant laundry sheetsAfter having tried a different laundry sheet brand I wanted one that ticked more boxes for the environment. I love these laundry sheets I purchased from The Green Company - so much I've now signed up for a subscription. I use one sheet per load, and my family's clothes are clean and smell fresh, not overpoweringly so, but a subtle scent; I use the lavender sheets. They are easy to store and take up next to no space. I also use the cleaning spray tab and it works brilliantly - and I love the whole concept of no more plastic bottles or having to go across town to get a refill. Super convenient and great products:-)Date of experience: May 15, 2023",5
thegreencompany.online,Heidi,3 reviews,GB,"Mar 28, 2023","Fabulous wraps, sheets, pads & cloths!Fabulous products received from The Green Company, I‚Äôm now a convert to the Beeswax Wraps, Laundry Sheets, Make-up Pads and Dishcloths. This has been an easy way to make some environmental improvements in our home, all great quality and fit for purpose - result! We will continue to buy from The Green Comany and the customer service is excellent too! üëèüëèüëèDate of experience: March 28, 2023",5
thegreencompany.online,Lesley ,25 reviews,GB,"Aug 28, 2023","I ordered the free trial for laundry‚Ä¶I ordered the free trial for laundry sheets from The Green Company and was so impressed with them I ordered the 32 washes package. I was sceptical when I first used them but was surprised at how clean and fresh my laundry was. Another bonus was they take hardly any space to store and the packaging is recyclable.Date of experience: August 28, 2023",5
thegreencompany.online,Leila Baker,27 reviews,GB,"Jun 5, 2023","Got free trial of green company‚Ä¶Got free trial of green company detergent sheets, really amazed at how I‚Äôve never heard of this product before- amazing space and environment savers! Will be buying only them  from now on.Date of experience: June 05, 2023",5
thegreencompany.online,Claire,6 reviews,GB,"Feb 15, 2023","Love The Green CompanyLove The Green Company!  I was having reactions to harsh detergents and perfumes. I decided to try the green company laundry detergent sheets and not only do they clean well and smell fresh, they make complete eco sense. Can‚Äôt recommend enough. You‚Äôll never look back!Date of experience: February 04, 2023",5
thegreencompany.online,Sally Hirst,7 reviews,GB,"Aug 22, 2023","Grand customer service and product.Clear communication from the start.With a husband who does not like the smell of fabric conditioner the unscented laundry sheets are a godsend.Lovely products and very well presented I can not recommended highly enough.Thank you.Date of experience: August 15, 2023",5
thegreencompany.online,Michele,11 reviews,GB,"Sep 14, 2023","The Green Company is very professional and helpfulThe Green Company is very professional and extremely helpful. They sent me a sample of Eco Laundry Detergent sheets to try, initially. I was very impressed and ordered more which came promptly and were packaged in a very environmentally friendly way. I am super impressed with this company and highly recommend them.Date of experience: September 01, 2023",5
thegreencompany.online,Mrs Hayward,6 reviews,GB,"Sep 11, 2023","Absolutely lovelyAbsolutely lovely, this product has exceeded my expectations, it smells amazing and is great on the clothes, washes fabulously and even after a quite a few days in the drawer, still smells lovey!! I‚Äôm definitely a fan! It being great for the environment too is a total win!! Love love love it!!Date of experience: September 11, 2023",5
thegreencompany.online,Estefania H,21 reviews,GB,"Nov 14, 2023","These sheets changed my domestic life‚Ä¶These sheets changed my domestic life and I've already recommended them to friends and family. I was looking for an eco-conscious, carbon-neutral option for cleaning as I was sick of detergent spilling everywhere, sick of those pods and sick of mess and waste and am just over dealing with so much plastic. With these sheets I can see how much I have left and available and I only use what I need. They smell super fresh, take up zero space in my storage, come in a sleek envelope or unfussy beautiful box (great packaging), and are perfect for sensitive skin. I've already bought my mum a few boxes bc I know everyone's looking to streamline their laundry days. I am so happy I've discovered this brand - I will shout it from the rooftops haha - sustainable, easy to use, smell great, and you can go for a non-scented option if essential oils are too much. I will never go back to washing liquid again! I am travelling this weekend and already put a few in my suitcase.Date of experience: November 14, 2023",5
thegreencompany.online,Linda Mcintyre,14 reviews,GB,"May 21, 2023","Great companyGreat company. Detergent sheets are brilliant. My daughter decided to try them on my recommendation and is equally pleased. Having a subscription makes it so much easier too. It means you don‚Äôt have to be forever ordering more and waiting for them to arrive. Will be looking to purchase more from this company as I have been very impressed. Also the make up remover pads are very good too.Date of experience: May 21, 2023",5
thegreencompany.online,Barbara P,7 reviews,GB,"Feb 9, 2024","The washing sheets actually workworkThe washing sheets actually work, and well too!  One sheet cleans a normal load.  Smell is light but pleasant.  Price and convenience excellent.Date of experience: February 08, 2024",5
thegreencompany.online,Michelle Jompan,1.6K reviews,GB,"Jan 1, 2024","Fresh linen sheetsAbsolutely amazing products here. I absolutely love the fresh linen sheets for the washing machine and my clothes smell amazing for days afterwards. I buy them every 2 months ‚ù§Ô∏è‚ù§Ô∏èüëåDate of experience: December 22, 2023",5
thegreencompany.online,Antonio Alfei,16 reviews,GB,"May 16, 2023","Great product, laundry sheetsI received my first full order about 3 weeks ago, for the laundry sheets 32 pack, my wife absolutely loves them.She was very sceptical at first as she was a more traditional user of washing powder, but after using these sheets she has been completely hooked, they are great value for money and no bulky packaging and more importantly completely plastic free, so great for the environment, so what‚Äôs not to like.As a result I have decided to subscribe to a delivery every month for 32 sheets, which again is flexible  to suit our needs, and can be paused or stopped at any time.Ps we tried a sampler before the full purchase and that convinced us.Date of experience: April 25, 2023",5
thegreencompany.online,kate jupp,4.4K reviews,GB,"Aug 24, 2023","Exceptional product and excellent serviceThe subscription service for the laundry sheets is a game changer. The flexible subscription to meet any change in need means we always have what we need. Being notified of the scheduled order and  date means adjustments can be made in time for next delivery. The lavender laundry sheets clean clothes beautifully, leaving them soft and fresh. Copes well with very dirty (farm) and sports washing and delicates. Too resealable strong paper envelopes holds enough sheets for our family of 4 for 3 months. None of the usual storage problems associated with bulk buying and arrives with usual mail so no delivery stress. Mess free, no plastic and flexible dosage for different load size or heavy soiling- simply tear a sheet in half or use two!I wasn't sure initially as I take pride in my laundry and in keeping clothes looking good for the long term. I am delighted with the results, the service and value. I absolutely recommend this product and will be sticking with our subscription. Fantastic for university students too.Date of experience: August 24, 2023",5
thegreencompany.online,Glassy Witch,8 reviews,GB,"Apr 3, 2023","Brilliant company - well worth checking outBrilliant company to deal with, really responsive and helpful.I bought the laundry detergent sheets from them, which are absolutely fantastic bot just for cleaning and leavinv your laundry smelling pretty great, but also in not causing any reactions in any of my lot, who usually complain immediately of any changes to detergents.I won't deny I was a little cautious at first, as I am with any new-to-me website, but their responses were quick and helpful, putting me at much more ease. Delivery was prompt.Date of experience: March 15, 2023",5
thegreencompany.online,Christine,3 reviews,GB,"Aug 5, 2023","Not very impressedI sent for the free sample Lavender Laundry Detergent Sheets and received them quickly. I excitedly popped one sheet in the washing machine with a few items as described hoping for a good result.  I was wrong as it was no different to Bold for instance.  Really really disappointed üòû.  I thought beforehand I would see how much it would cost to get them every month  ¬£14.95 for 64 washes!! or slightly less for 32. No way I can buy a good quality laundry Detergent for much much less. Not impressed at all.Date of experience: August 05, 2023",1
thegreencompany.online,Louise Adams,4 reviews,MC,"Mar 31, 2023","Excellent laundry leavesExcellent laundry leaves. Beautifully wrapped and everything ECO friendly. Clothes smell and feel clean and soft. I didn‚Äôt use laundry conditioner either as it really isn‚Äôt needed‚Ä¶. so another saving! No more plastics for me!Date of experience: March 20, 2023",5
thegreencompany.online,Shirley I,11 reviews,GB,"Jul 1, 2023","Fabulous productFabulous productI am a new convert to detergent sheets, they work just as well as the detergent I‚Äôve used for years, they take up a fraction of the space, actually work out cheaper AND they‚Äôre environmentally friendly! Love them!Date of experience: June 23, 2023",5
thegreencompany.online,Thelma Walker,24 reviews,GB,"Jul 5, 2023","Eco products - no plasticI have been using the Laundry detergent sheets for a while now and besides cutting down on my use of plastics I find them great so I was very keen to try the Beeswax wraps.The Beeswax are very easy to use and cleaning them very easy to make their available for another use. This certainly helps to cut down on the amount of cling film that I use.I have also tried the Eco cleaning tablets and find these very effective and I will certainly be using these again.All the products are packaged in cardboard packaging so while cutting down significantly on the use of plastic, they come in easy storable packets.I would strongly recommend trying these products and helping to cut down on the use of plasticsDate of experience: July 03, 2023",5
thegreencompany.online,Jo Gale,2 reviews,GB,"Aug 1, 2023","Versatile tabletsOrdered the cleaning tablets , these tablets are easy too use by just dissolving in water and they are ready too use on any of my surfaces in my kitchen especially my chopping board as they leave no residue or disinfectant after taste and again I have no large packaging too get rid of another great idea from the Green Company and not that expensive . ThanksDate of experience: August 01, 2023",5
thegreencompany.online,Liz W,1 review,IE,"Jul 23, 2023","Excellent product and excellent to deal‚Ä¶Excellent product and excellent to deal with, I was ordering from Ireland so sometimes there can be a delay in receiving the product but no problem here and very quick replies from the email I sent. I ordered their laundry sheets and I would highly recommend themDate of experience: July 23, 2023",5
thegreencompany.online,Consumer,22 reviews,GB,"Nov 20, 2023","What‚Äôs there not to love?!The laundry detergent sheets are eco, work well, delivered in 100% recyclable packaging and take up very little space.  I just wish I had seen the light earlier!!Date of experience: November 06, 2023",5
thegreencompany.online,Chloe,17 reviews,GB,"Sep 3, 2023","So pleased that I've found a way to‚Ä¶So pleased that I've found a way to remove the chemicals from my laundry! Especially as I have a little one. I was hesitant and not sure if it would work on tough family life stains! But they're amazing, they do the job and they also take up such little space in my cupboard now too! Really pleased and wouldn't go back to shop bought detergent now!Date of experience: September 03, 2023",5
thegreencompany.online,Rachel,2 reviews,GB,"Jun 21, 2023","The Green Company laundry sheetsI've been using their sheets for about 2 months now and am very pleased with them. They are very compact and take up next to no space in the cupboard. But more than that, I am so pleased with the results they give. My washing is clean, fresh and soft: I've stopped using conditioner now, and there is only a slight difference. I am also pleased that they are a natural product, therefore better for our skin, and the environment. Wins all round!Date of experience: June 21, 2023",5
thegreencompany.online,Bargain loving mum,58 reviews,GB,"Jun 13, 2023","Lovely company to deal withLovely company to deal with, great eco products, prompt service, small business which feels good to support. Great laundry sheets. I‚Äôll be re-ordering and going on a subscription for them - impressed.Date of experience: June 13, 2023",5
thegreencompany.online,Fidelma Davies,8 reviews,GB,"Mar 13, 2023","Great product!I heard about laundry sheets on a bbc4 radio programme and thought I would give them a go...and they are great. Chose this particular product after doing some online research. They do everything you need and expect from a laundry product, and I don't need to use a softener either. So it's good for the environment, good space saver and value for money.Date of experience: February 20, 2023",5
thegreencompany.online,Alison O'Shaughnessy,5 reviews,GB,"Mar 25, 2023","I love these make up remover pads!I love these make up remover pads! I have always used face cloths which take up space in the washing machine and time to dry. And disposable wipes for travelling which isn‚Äôt great. I use, pop in the string bag, bung in the machine and hang up the bag to dry. They dry quickly and I love the efficiency. I like the gentle side for eyes and the slightly rougher side for exfoliating. Would never go back!Date of experience: March 25, 2023",5
thegreencompany.online,Chloe,25 reviews,GB,"Nov 22, 2023","Love this company!I love this company! I was looking for non toxic laundry detergent and came across the green company. I noticed that they had a trial which I thought was amazing as I didn't want to go and waste money on products that potentially don't work. I was pleasantly surprised at how effective the sheets were. I didn't expect the washing to actually be cleaned properly and smell nice too! I use the lavender sheets and there's a lovely subtle smell to them. I love how they come in such a small eco friendly box and on subscription so I don't need to worry about figuring out when I need more. I also tried the cleaning tabs and I'm so happy with these too, they smell great and work just as well as any other all purpose cleaner. I use it all around the house and feel better knowing that I'm not spraying chemicals everywhere anymore. Delivery is quick, prices are fair and customer service is fab. I will be sticking with this company for my household essentials! I would recommend to anyone looking to go eco-friendly and reduce toxins in their home. :)Date of experience: November 22, 2023",5
thegreencompany.online,MJ,2 reviews,GB,"Aug 11, 2023","Great products and excellent serviceGreat products and excellent service. I love these products, the laundry sheets are incredible. So decided to try the cleaning spray tablets and cellulose dish cloths. They are great. The cleaning spray works well and has a lovely light fragrance. I'm hooked.Date of experience: August 08, 2023",5
thegreencompany.online,Nicola,1 review,US,"Sep 30, 2023","Green Company laundry sheets are perfect for travellersAs a frequent traveller the Green Company fragrance-free laundry sheets are incredibly practical. It's not always easy to find fragrance free detergent when travelling, nor is it easy to lug the liquid stuff around, but these laundry sheets are practically weightless. Perfect for travellers!Date of experience: September 30, 2023",5
thegreencompany.online,SueR,9 reviews,GB,"Jul 7, 2023","Prompt delivery and excellent quality‚Ä¶Prompt delivery and excellent quality product and customer service. My clothes are left clean and with a lovely light scent. I've not found it necessary to use a fabric conditioner with the sheets.Date of experience: July 07, 2023",5
thegreencompany.online,CustomerKatherine Forster,4 reviews,GB,"Sep 8, 2023","A Happy ConvertThe Laundry Detergent Sheets tick all my boxes, they wash as well as any other brand I have had over the years, smell lovely, take up hardly any space and NO plastic, heavy bottle! I have ordered them several times and am a very happy convert.They are also good value.Date of experience: September 08, 2023",5
thegreencompany.online,Carolyn Partrick,9 reviews,GB,"Updated Jun 7, 2023","Love their laundry sheets!Have tried the laundry sheets and am very impressed! 1. My washing is super clean 2. It smells lovely (fresh linen) 3. The sheets arrive in a recycled brown paper envelope‚Ä¶ meaning I don‚Äôt buy, store or use giant plastic bottles! Win, win, win!!Date of experience: June 06, 2023",5
thegreencompany.online,Helen Mckirdy,18 reviews,GB,"Dec 18, 2023","Laundry sheets.Removes ground in dirt at low temperatures and a quick 20 minute cycle. We have 2 large breed dogs that love paddling through muddy puddles. The bath sheets used to clean them get very dirty, but these laundry sheets leave them good as new. An amazing product. I would highly recommend.Date of experience: December 01, 2023",5
thegreencompany.online,Gillian,1.6K reviews,GB,"Jul 27, 2023","The website is easy to use sheets eco and work.The website is easy to use. Have been converted to Laundry Sheets, chose the Lavender and they are super. Clean as well as any of the other detergents which come in large plastic bottles which then have to be recycled. Have just subscribed to a monthly delivery which seems to be totally flexible. 1 sheet is good for each wash. That took some getting use to! It worksDate of experience: July 27, 2023",5
thegreencompany.online,Anne Forster,16 reviews,GB,"Jul 13, 2023","Good ethos and productSo far I have bought laundry sheets from this company, which are excellent. Delivery was fast and efficient with recyclable packaging. I will definitely use them again.Date of experience: July 13, 2023",5
thegreencompany.online,Stella O'Dell,4.4K reviews,GB,"Sep 8, 2023","Great Stuff!Great product from the Green company! I took the laundry sheets with me on holiday! So light and so affective! It‚Äôs often hard to buy non bio laundry wash abroad so was so grateful to find this very simple but very affective product online.Worth a try! You might be as pleasantly surprised as I was.Date of experience: September 08, 2023",5
thegreencompany.online,Lola,59 reviews,GB,"Apr 5, 2023","Great little sheetsWorking towards a greener enviroment.  So happy I have found this company, so easy to deal with and their detergent sheets work really well, I shall be using from now on.Date of experience: April 05, 2023",5
thegreencompany.online,Mrs Frances Woolgar,10 reviews,GB,"Apr 10, 2023","Ideal product.Ideal product.I had been looking for a replacement for my laundry detergent that would be green & suit my needs. This item is no mess, no fuss & I have just signed up for a subscription for it.Thoroughly recommend it.Date of experience: March 11, 2023",5
thegreencompany.online,,1 review,,,,
thegreencompany.online,,6 reviews,,,,
thegreencompany.online,,7 reviews,,,,
thegreencompany.online,,12 reviews,,,,
thegreencompany.online,,1 review,,,,
thegreencompany.online,,4 reviews,,,,
thegreencompany.online,,4 reviews,,,,
thegreencompany.online,,24 reviews,,,,
thegreencompany.online,,5 reviews,,,,
thegreencompany.online,,69 reviews,,,,
thegreencompany.online,,20 reviews,,,,
thegreencompany.online,,9 reviews,,,,
thegreencompany.online,,3 reviews,,,,
thegreencompany.online,,49 reviews,,,,
thegreencompany.online,,17 reviews,,,,
thegreencompany.online,,27 reviews,,,,
thegreencompany.online,,17 reviews,,,,
thegreencompany.online,,39 reviews,,,,
ecoleafproducts.co.uk,Jolene Scott-Martin,1.5K reviews,GB,"Apr 17, 2024","Great products, great prices and great customer serviceGreat products, great prices and great customer service. I ordered plates and cutlery for a party but forgot to change the order to express delivery so they would arrive in time. I got in touch with customer service who were really quick to respond, and they kindly upgraded the postage for me. Will absolutely use them in future for any event. Highly recommended. Date of experience: April 16, 2024",5
ecoleafproducts.co.uk,Peter at Duckshed,9 reviews,GB,"Apr 14, 2024","Great value and good customer serviceGreat value and good customer service. We had an issue with courier service not finding our address. Spoke with eco leaf products team and they swiftly resolved the issue by contacting dpd directly on my behalf. Very responsive to calls and emails. Re the disposable bamboo plates - our team loved it and they look so much better than bagasse or paper plates. Best part is the plates are 100% compostable and biodegradable which sits nicely with our ethos at duckshed.Date of experience: April 13, 2024",5
ecoleafproducts.co.uk,Jeannine,1K reviews,GB,"Apr 19, 2024","Excellent speedy serviceExcellent speedy service, excellent plates bowls and serving platters. I will definitely order again. Excellent value for money. Issue was very rapidly resolved by Purvak,  a credit to the company Date of experience: April 17, 2024",5
ecoleafproducts.co.uk,Ash V,1 review,GB,"Feb 5, 2023","Amazing products and swift deliveryAmazing products and swift hassle free delivery. Highly recommended. We needed items for our catering business urgently due to last minute order. The company went out of their way and arranged a next day AM delivery so we do not miss the deadline. I have used them few times in the past and have always found their products of superb quality. Palm leaf bamboo disposable plates look elegant and Eco Leaf Products have priced them well.Date of experience: February 05, 2023",5
ecoleafproducts.co.uk,JULIA KENNEDY,3 reviews,GB,"Mar 4, 2023Verified","Very satisfied customerI cannot comment about the functionality of the product as it is yet to be used. However, I wanted to buy more sustainable products and came across this company via an on-line search. Their prices are competitive, the product was well packed, I was kept informed about delivery which was very quick and the plates/cutlery set are as described. It's a big thumbs up from me!Date of experience: February 22, 2023",5
ecoleafproducts.co.uk,Karen,2 reviews,GB,"Dec 3, 2022Verified","Snapped cornersEasy to use website, quick despatch and delivery. Product disappointing as four of ten plates are unusable as have snapped off corners. A shame as I really liked the look of them with all the natural variations in colour. They were cheap so not worth returning but unfit for purpose unfortunately.Date of experience: December 03, 2022",3
ecoleafproducts.co.uk,Hardik Patel,3 reviews,GB,"Jul 30, 2022","Great quality products and eco friendlyOrdered for a family event, totally loved the quality. The palm plates and bowls are very sturdy. Great for the environment and reasonably priced. The communication was excellent and delivered on time. Will definitely order from Eco Leaf Products again.Date of experience: July 30, 2022",5
ecoleafproducts.co.uk,The Slippery Cauldron Soap,10 reviews,GB,"Mar 30, 2023Verified","Great products, fast deliveryGreat products but a little fazed by the additional costs (vat & p&p added at checkout) as long as you factor this in then you will be fine. Would definitely purchase again! Fast delivery!Date of experience: March 23, 2023",5
ecoleafproducts.co.uk,Simon,12 reviews,GB,"Nov 11, 2022Verified","Amazing service with a personal touchAmazing service with a personal touch. With quick delivery and great products, I will certainly be using Eco Leaf again. We had great comments from 120 guests on a corporate event using these products.Date of experience: November 02, 2022",5
ecoleafproducts.co.uk,Jas Mehta,1 review,GB,"Aug 21, 2022","Affordable disposable tablewarePrompt delivery and good range of products. I needed fairly big order for catering purpose, and these guys communicated well throughout. I've found their prices most competitive in the market.Date of experience: August 21, 2022",5
ecoleafproducts.co.uk,thepureoption,4 reviews,GB,"Nov 4, 2022Verified","We have only recently started working‚Ä¶We have only recently started working with Eco Leaf Products but we will certainly be buying from them in the future, great products, great prices and quick delivery.Date of experience: October 28, 2022",5
ecoleafproducts.co.uk,marcia Oliver,7 reviews,GB,"Feb 10, 2023Verified","I had a problem with my delivery the‚Ä¶I had a problem with my delivery the company was very helpful and prompt with sorting it out. They were respectful and courteous, customer service was excellent. I would buy from them again.Date of experience: January 30, 2023",5
ecoleafproducts.co.uk,Lisa W,1 review,GB,"Oct 31, 2022Verified","Great addition to hampersI purchased my items to add to my hampers. The process from looking around the website, to procurement to delivery was very seamless.  Thank you.Date of experience: October 31, 2022",5
ecoleafproducts.co.uk,Alison Logan,18 reviews,GB,"Mar 10, 2023Verified","30th birthday partyVery happy with the products we received - plates, bowls and cutlery - and really excellent customer service too!Date of experience: February 27, 2023",5
ecoleafproducts.co.uk,Vinil,9 reviews,GB,"Jul 28, 2022","Exceptional qualityOrdered plates and bowls last week from Eco Leaf. The quality was way better than I thought.These palm plates are great, will definitely buy again!Ordered some to try out for a BBQ and these turned out to be perfect!Lovely quality. I will buy again üëçüèºDate of experience: July 28, 2022",5
ecoleafproducts.co.uk,Dimple Adalja,13 reviews,GB,"Aug 5, 2022","Just received my order order of plates‚Ä¶Just received my order order of plates and trays from Eco Leaf. Really happy with the service and quality of product üëçüèºDate of experience: August 05, 2022",5
ecoleafproducts.co.uk,Chiranjeevi Vuggili,2 reviews,GB,"Dec 25, 2022Verified","Excellent serviceExcellent service, hope will get a discount for our next orderDate of experience: December 21, 2022",5
ecoleafproducts.co.uk,Robert Hogarth,2 reviews,GB,"Updated Mar 16, 2023Verified","The plates failed to arrive in time for‚Ä¶The plates failed to arrive in time for my party.However I have now received a refund so am happy.Date of experience: December 17, 2022",3
ecoleafproducts.co.uk,Deborah Johnston,2 reviews,GB,"Jun 9, 2023","Fantastic Service!Easy Website. Great Products and Very good Customer ServiceDate of experience: June 06, 2023",5
ecoleafproducts.co.uk,Sian Smith,1 review,GB,"Feb 19, 2023Verified","products delivered in good condition‚Ä¶products delivered in good condition and in a timely mannerDate of experience: January 19, 2023",5
ecoleafproducts.co.uk,Eco Friendly,13 reviews,GB,"Feb 14, 2023Verified","Disposable yet RobustProduct arrived quickly and is robust as well as aesthetically pleasing.Date of experience: February 04, 2023",5
ecoleafproducts.co.uk,Yubi,13 reviews,GB,"Aug 3, 2022","Perfect PlatesThese plates were brilliant. I served curry on them and they coped really well with the nature of the food. Really sturdy - no spills. Eco friendly and they looked good too. Will buy them again.Date of experience: August 03, 2022",5
ecoleafproducts.co.uk,Mili Patel,4 reviews,GB,"Jul 29, 2022","Perfect for BBQ season!Perfect for BBQ season!! Will definitely be purchasing again! üëçüèΩDate of experience: July 29, 2022",5
ecoleafproducts.co.uk,Swati Jesani,1.5K reviews,GB,"Aug 1, 2022","Amazing QualityOrdered some to try out and these turned out to be perfect! Lovely quality, will buy again!Date of experience: August 01, 2022",5
ecoleafproducts.co.uk,J Gray,9 reviews,GB,"Mar 15, 2023Verified","Great company with fab productsVery helpful staff and excellent products - would definitely recommend them.Date of experience: March 06, 2023",5
ecoleafproducts.co.uk,Anthony Dadzie,1K reviews,GB,"Dec 9, 2022Verified","Nice and quick deliveryNice and quick delivery, just what I neededDate of experience: December 05, 2022",5
ecoleafproducts.co.uk,NAG,1 review,GB,"Mar 6, 2023Verified","Nice product .Nice product .delivered on time .packaging is goidDate of experience: February 24, 2023",5
ecoleafproducts.co.uk,of Emma Harding,2 reviews,GB,"Feb 22, 2023Verified","Delivered quicklyDelivered quickly. As described. Just what I neededDate of experience: February 14, 2023",5
ecoleafproducts.co.uk,Ivy Madzvamutse,2 reviews,GB,"Nov 9, 2022Verified","Best Buy very versatile  Eco friendlyBest Buy very versatileDate of experience: November 05, 2022",5
ecoleafproducts.co.uk,N G,1 review,GB,"Mar 9, 2023Verified","Fast delivery and great qualityDate of experience: February 26, 2023",5
ecoleafproducts.co.uk,Julie ,6 reviews,GB,"Dec 1, 2022Verified","Brilliant product.Brilliant product.. Brilliant service.. Brilliant company..Date of experience: December 01, 2022",5
ecoleafproducts.co.uk,Bridget Gear,1 review,GB,"Mar 29, 2023Verified","Good timingGood timingPleased with the productDate of experience: March 22, 2023",5
ecoleafproducts.co.uk,John Foley,2 reviews,GB,"Oct 30, 2022Verified","Great company to deal withDate of experience: October 30, 2022",5
ecoleafproducts.co.uk,Rajakumar,7 reviews,GB,"Dec 17, 2022Verified","Very good qualityVery good quality. Great priceDate of experience: December 10, 2022",5
ecoleafproducts.co.uk,Surendra,16 reviews,GB,"Feb 23, 2023Verified","Good qualityGood quality, prompt delivery and excellent customer service responseDate of experience: February 16, 2023",5
ecoleafproducts.co.uk,Ganesan Dekshinamoorthy,3 reviews,GB,"Sep 24, 2022Verified","FantasticReally super. I like it.Date of experience: September 24, 2022",5
ecoleafproducts.co.uk,,13 reviews,,,,
ecoleafproducts.co.uk,,10 reviews,,,,
ecoleafproducts.co.uk,,1 review,,,,
ecoleafproducts.co.uk,,2 reviews,,,,
ecoleafproducts.co.uk,,7 reviews,,,,
ecoleafproducts.co.uk,,8 reviews,,,,
